input,output,similarity_score,not_logical
hi doctor i think i might have turner syndrome,okay in that case you will need to undergo a complete physical skin exam an ultrasonography and some other diagnostic procedures such as an interview evaluation and consultation additionally well need to perform an echocardiography examine your breast and check your eyes and ears for any issues well also do a depression screening to assess your mental health,0.2991624176502228,False
doctor i am experiencing some problems during my pregnancy lately,i see in order to diagnose any possible complications we need to run a series of medical tests the first test we need to do is a urinalysispatient okay what other medical tests do i need,0.24806630611419678,False
doctor i was diagnosed with congenital rubella what medical tests do i need to undergo,you need to undergo a corneal transplant,0.1865430474281311,False
doctor my baby has been very fussy and irritable lately im pretty sure hes going through teething syndrome,okay well need to perform a complete physical skin exam and other diagnostic procedures to confirm the diagnosispatient is there anything else we should do,0.2283056080341339,False
doctor i have been experiencing severe stomach pain nausea and vomiting and diarrhea i fear it might be an infectious gastroenteritis,i see in that case we need to run some medical tests to confirm the diagnosis and identify the underlying cause we will perform a complete blood count cbc kidney function test glucose measurement electrolytes panel and urinalysis additionally you will require intravenous fluid replacement to prevent dehydration,0.2285935878753662,False
doctor i have been experiencing some symptoms associated with von hippellindau disease,i see in that case we need to run some medical tests to make sure specifically we should begin with a magnetic resonance imaging mri scan a complete physical skin exam ml and a sigmoidoscopy or colonoscopy additionally we may need to perform some more invasive tests such as incision and excision of cns diagnostic spinal tap spinal tap and excision of skin lesion lastly we would also want to perform an occupational therapy assessment speech therapy,0.28597453236579895,False
doctor i think i might have been poisoned by sedatives,im sorry to hear that im going to order some tests to help understand whats going on well need to do a complete blood count a kidney function test and a urinalysispatient ok what do those tests involve,0.27470213174819946,False
doctor i think i am experiencing some extrapyramidal effects from my medication,alright we need to conduct some medical tests first you will require an electroencephalogram eeg to check your brains electrical activity additionally a cat scan of your head will be necessary to examine any physical abnormalities physical therapy exercises will also be required to help control your symptoms we will also start you on intravenous fluid replacement to ensure you remain hydrated,0.27085354924201965,False
doctor i think i have chagas disease,okay we need to conduct a plain xray xray radiographic imaging procedure and a ct scan of your abdomen ct of abdomen,0.25259244441986084,False
hi doctor i have been experiencing unusual vaginal bleeding and have been feeling tired lately i think it might be something serious,based on your symptoms well need to perform a few tests to determine the cause of your symptoms well need to do a pelvis exam radiographic imaging procedure and a biopsy well also need to perform an examination of your breasts ultrasonography and other diagnostic procedures for female organs additionally well need to do a mammogram to rule out any breast abnormalities,0.25562161207199097,False
ive been having severe pelvic pain and abnormal vaginal bleeding my gynecologist thinks it might be an ectopic pregnancy,in that case we will need to run several medical tests first well need to do a complete blood count cbc and hematologic tests to assess your blood cell counts and clotting ability well also need to perform radiographic imaging procedures such as an ultrasound to visualize the location of the pregnancy a urinalysis will be useful in ruling out a urinary tract infection well also perform a standard pregnancy test and measure your glucose levels additionally intravenous fluid replacement may be necessary to stabilize your condition,0.28255927562713623,False
doctor ive been experiencing muscle spasms and tingling sensations in my fingers and toes i was diagnosed with pseudohypoparathyroidism a few years ago and i think its getting worse,in order to assess your condition we will need to perform a few medical tests we will start with a radiographic imaging procedure and a plain xray to get a better look at the affected areas we will also need to do a complete physical skin exam to check for any related symptoms additionally an electrolytes panel and liver function test will be required to assess your overall health depending on the results of these tests we may also need to do a magnetic resonance imaging mri to get a more detailed look at your condition lastly debridement of any wounds infections or burns should also be considered,0.27866482734680176,False
doctor i have been feeling down and depressed for a long time i wake up every morning feeling sad and anxious i feel like i am always in a low mood and cant seem to shake it off,i understand it sounds like you may be experiencing dysthymic disorder i recommend that you undergo a depression screen to confirm the diagnosis additionally you should undergo psychological and psychiatric evaluation to determine the best course of treatment which may include psychotherapy and mental health counseling as for the other tests you mentioned a lipid panel and toxicology screen would not be necessary for this particular condition finally varicose vein stripping is not related to this issue and is not required,0.24644283950328827,False
doctor i have pick disease what kind of medical tests do i need to take,you need to undergo a bone marrow transplant bmt,0.28560179471969604,False
doctor i have been experiencing fever neck pain fatigue and weight loss i went to another doctor earlier who prescribed antibiotics to me but it hasnt helped at all can you help me,based on your symptoms i suspect that you may have subacute thyroiditis in order to confirm this diagnosis well need to do a few medical tests your first step will be to undergo hematologic tests such as a blood test well also need to perform a radiographic imaging procedure a urinalysis a pelvis exam ultrasonography and a glucose measurement finally well also need to examine your breast to confirm there are no abnormalities,0.29180628061294556,False
doctor i have been experiencing frequent bone fractures and weakness in my bones i also feel a lot of pain in my back and hips,based on your symptoms we will need to run some medical tests first we will need to conduct a hematologic test blood test to check your blood counts and screen for any underlying issues we will also perform a lipid panel to check your cholesterol levels in addition we need to conduct a complete physical skin exam performed ml to check for any signs of skin cancer we should also conduct a bone density scan to check the strength of your bones we also need to conduct an examination of your breasts and perform the mammography mammogram to check for breast cancer lastly we will conduct a pelvis exam to check for any abnormalities,0.26113811135292053,False
doctor i think i might have contracted trichomonas infection i am experiencing discomfort during urination itching and a foulsmelling discharge,its important that we diagnose and treat your symptoms well need to run some medical tests first a urinalysis will be needed to check for any abnormalities in your urine following that well have to conduct some hematologic tests to check your blood a pelvis exam will also be necessary to check for any inflammation or tenderness in the abdomen or vaginal region a complete blood count and a kidney function test will then be carried out we will also need to perform a standard pregnancy test to rule out any possible pregnancy lastly well be measuring your glucose level to check for diabetes patient okay doctor i will take these tests as soon as possible,0.25940150022506714,False
doctor i think i might have marfan syndrome,alright we will need to do a radiographic imaging procedure an electrocardiogram ultrasonography ultrasound and echocardiography to confirm additionally we may need to perform an aortic resection replacement or anastomosis along with the conversion of cardiac rhythm defibrillation procedures lastly we need to do an hiv screen hiv test as well,0.2570916414260864,False
doctor i have been experiencing fatigue weakness and jaundice my family has a history of anemia and i think i might have it too,based on your symptoms and family history i recommend a few tests we need to run some hematologic tests and a cbc to check your red blood cells health also we may need to check for any infections through blood culture i dont think psychotherapy corneal transplant or procedures on the spleen are necessary in this case removal of an ectopic pregnancy is also not applicable,0.2850107252597809,False
hi doctor i have been experiencing intense pain in my jaw recently and i think i have a jaw disorder,im sorry to hear that based on your symptoms it sounds like you may need some wound care management as well as traction splints and other wound care procedurespatient that makes sense do i need any other medical tests,0.23473268747329712,False
doctor ive been experiencing severe headaches and blurred vision lately i went to see an ophthalmologist who referred me to you and he mentioned that it might be malignant hypertension,in that case we need to perform a series of medical tests to confirm the diagnosis your first test will be a hematologic test or a blood test which will tell us about your blood disorders such as anemia or abnormal platelet counts we will also need to conduct a complete blood count cbc to measure your white and red blood cell countspatient alright i understand what about the other tests,0.18675723671913147,False
doctor i think my child might have down syndrome can you please help me to diagnose it,a complete physical skin exam needs to be performed along with other diagnostic procedures such as interviews evaluations and consultations to confirm the diagnosis mental health counseling and occupational therapy assessment for speech therapy physical therapy exercises are also required additionally a hemoglobin a c measurement test and echocardiography are needed to rule out any related complications,0.2670838236808777,False
doctor my back is hurting me a lot and i cannot move in certain positions i think i may have fractured my vertebra,based on what you have told me i recommend we perform a radiographic imaging procedure to confirm your suspicion this could involve a plain xray an xray computed tomography scan ct and a complete blood count cbc additionally we will need to monitor your hydration levels and kidney function so we will also perform urinalysis and kidney function tests and may recommend intravenous fluid replacement if necessary,0.28283774852752686,False
doctor i have been experiencing weakness in my legs and arms and its getting worse day by day my friend told me it could be guillain barre syndrome,its important that we run some tests to confirm the diagnosis we will start with a urinalysis to check for any abnormalities in your urine we will also need to perform a magnetic resonance imaging mri to look for any damage in your nerves along with that some other therapeutic procedures might be required physical therapy exercises might help you recover we also need to test for human papillomavirus hpv dna detection since it can sometimes lead to gbs additionally we might need to perform an echocardiography to check the functioning of your heart lastly we also need to run a chlamydia test to rule out any sti that can sometimes cause this disease,0.20317693054676056,False
doctor i have been experiencing chest pain and i was diagnosed with thoracic aortic aneurysm what medication do you recommend,based on your condition i would recommend a combination of medications including metoprolol nitroglycerin hydralazine labetalol esmolol pentoxifylline colchicine amiodarone nitroprusside estropipate ogen and dexamethasone ophthalmic,0.2854034900665283,False
doctor i have been diagnosed with congenital rubella what medications do i need to take,you need to take thymoglobulin which is a rabbit antihuman tlymphocyte globulin to boost your immune system additionally you need to take grepafloxacin a strong antibiotic to treat any infections that may arise due to your weakened immune system,0.2976664900779724,False
doctor i think i have a pinworm infection its very itchy around my anus at night,you are correct the medication you need for this is mebendazole or pyrantel evict,0.2730651795864105,False
i have been diagnosed with urethral valves what medications should i be taking,you will need to take a combination of medications to manage your condition these include bactrim isosorbide mononitrate ismo cefprozil calcitriol zoledronic acid reclast sitagliptin januvia hydroxychloroquine plaquenil glucosamine rotavirus vaccines rotavirus vaccine benazepril and hepatitis b vaccine obsolete,0.2762758731842041,False
doctor i was recently diagnosed with cryptococcosis what type of medication do i need to take,you will need to take a combination of medications to treat this disease the first medication is amphotericin b which will be given through an iv additionally you will need an ocular lubricant to relieve any eye discomfort you will also take dapsone sodium bicarbonate and fluconazole diflucan moreover i would recommend the influenza virus vaccine h n which is inactivated to prevent further infections you will need to supplement with phenytoin dilantin to prevent seizures ranitidine for stomach problems and amlodipine to keep your blood pressure under control finally some fresh air along with mecamylamine can help you relax and recover,0.2895773947238922,False
hi doctor i have been having trouble seeing objects that are close to me i need to hold books and newspapers at an arms length to read them clearly,it sounds like you might be suffering from hyperopia i will prescribe you some medications to help manage your symptoms you will be taking tropicamide ophthalmic phenylephrine duramax cyclopentolate ophthalmic atropine uaa proparacaine ophthalmic fluorescein nepafenac ophthalmic dexamethasonetobramycin ophthalmic cyclopentolatephenylephrine ophthalmic azelastine ophthalmic fluorometholone ophthalmic and benzylpenicilloyl polylysine prepen please follow the instructions on the label carefully and let me know if you experience any side effects,0.19914937019348145,False
doctor i have been diagnosed with varicose veins what medication do i need to take,you will need to apply a topical cream called becaplermin topical,0.23554015159606934,False
doctor i think i might have alcohol intoxication,alright i am going to prescribe you a combination of medications including thiamine folic acid haloperidol chlordiazepoxide magnesium sulfate nicotine and vecuronium these should help alleviate your symptoms and aid in your recovery,0.26958799362182617,False
i have been diagnosed with ependymoma can you please prescribe me the medications for it,sure i would recommend you with tropicamide ophthalmic prednisolone ophthalmic phenylephrine duramax alendronate carboxymethylcellulose acarbose benoxinatefluorescein ophthalmic loteprednoltobramycin ophthalmic chlorpheniramine cpm ocular lubricant and dorzolamide ophthalmic,0.28722095489501953,False
doctor i have been experiencing overflow incontinence,alright i am going to prescribe you with solifenacin vesicare,0.267995685338974,False
doctor i think i have a fracture in my patella can you help me with it,yes we need to give you some medications for that you will need thiopental nitrous oxide iodine topical and sevoflurane,0.19049444794654846,False
doctor i have been diagnosed with fibrocystic breast disease what medications should i take,you should take a combination of vitamin e vitae ketoprofen alphadgalactosidase enzyme beano hydrocortisoneiodoquinol topical fenoprofen progesic fesoterodine toviaz belladonna extract usp butibel and chondroitin,0.2917501926422119,False
doctor i have been having fever muscle aches and vomiting for the past few days i went to a farm last week and was in contact with contaminated water,based on your symptoms and exposure history it seems like you may have leptospirosis the required medication for this would be a combination of air mecamylamine troleandomycin indium oxyquinoline in indium in oxyquinoline pipecuronium arduan grepafloxacin raxar rabbit antihuman tlymphocyte globulin thymoglobulin iopanoic acid conjugated estrogens topical malathion topical gemtuzumab mylotarg,0.29429733753204346,False
hi doctor i have been experiencing involuntary contractions of my eyelids my eyes blink frequently and sometimes they remain closed for a longer than usual duration is this something i should worry about,it sounds like you might be suffering from blepharospasm the best medication for it is botulinum toxin type a botox,0.2900530695915222,False
doctor i have been diagnosed with congenital malformation syndrome what medication do i need to take,you will be needing a combination of medications to treat your condition i am prescribing fentanyl chlorhexidine topical propofol hydrocodone dexamethasone topical product ketamine divalproex sodium depakote budesonide somatropin tobramycin tobi sevelamer renvela and cyproheptadine these medications will help in managing the various symptoms of your condition and improve your quality of life,0.2993568181991577,False
i have been experiencing memory problems and confusion lately i think i might have wernicke korsakoff syndrome,yes you seem to have symptoms of this syndrome we will prescribe you thiamine clonazepam folic acid quetiapine seroquel bupropion wellbutrin venlafaxine effexor trazodone abciximab reopro acamprosate campral primidone chlordiazepoxide and sodium bicarbonate to treat your condition,0.29155558347702026,False
hi doctor i have been experiencing excessive thirst and urination and i suspect i might have diabetes insipidus,okay in that case i recommend you to take desmopressin,0.2678104043006897,False
doctor ive been diagnosed with varicocele of the testicles what medications do i need to take,youll need to take tadalafil cialis procainamide alphadgalactosidase enzyme beano ginseng preparation ginsana fesoterodine toviaz oxaprozin lidocaineprilocaine topical trimethoprim and cefadroxil,0.29169851541519165,False
doctor ive been diagnosed with acute fatty liver of pregnancy aflp what medication should i take,you should take ursodiol urso methadone glyburide famotidine and mecamylamine,0.27345865964889526,False
doctor im suffering from phimosis what medication do you recommend for me to take,you will have to apply betamethasone topical product on your penis twice a day for four to six weeks this will help in reducing inflammation and facilitate stretching of the foreskin,0.2690781354904175,False
doctor i am experiencing severe nausea and vomiting during pregnancy its really affecting my quality of life,it sounds like you may be suffering from hyperemesis gravidarum we can try a combination of medications to help alleviate your symptoms i recommend starting with zofran promethazine metoclopramide and pyridoxine we can also use trimethobenzamide if necessary and a topical product like miconazole to help with any skin irritation additionally we may need to consider propylthiouracil or methyldopa for controlling any underlying thyroid issues that could be contributing to your symptoms lastly nitrofurantoin may also be prescribed for treating any underlying infection that could be causing or worsening your symptoms,0.2837696075439453,False
hi doctor ive been experiencing tingling and numbness in my hands and feet ive also noticed some muscle weakness could this be a peripheral nerve disorder,yes it is possible to treat your symptoms i would recommend medications such as gabapentin pregabalin lyrica duloxetine cymbalta amitriptyline nortriptyline ropinirole tenofovir lamivudine capsaicin topical and ubiquinone q,0.26495546102523804,False
doctor i have an open wound on my hand,i recommend that you take lidocaine cephalexin tetanus toxoid vaccine adacel bacitracin septa povidone iodine topical betadine diphtheria toxoid vaccine prohibit cefadroxil rabies vaccine obsolete tetanus immune globulin human iodine topical and rabies immune globulin human,0.21027368307113647,False
doctor i have been diagnosed with stomach cancer,i am sorry to hear that the medications you will need to take are cisplatin paclitaxel taxol vitamin b pegfilgrastim neulasta fluorouracil heparin oxaliplatin palonosetron aloxi dexamethasone epirubicin irinotecan and capecitabine xeloda,0.23865863680839539,False
doctor im having a persistent pain in my lower back and abdomen i just got diagnosed with an abdominal aortic aneurysm what would be the required medications,you will be prescribed doxazosin dutasteride avodart plasma protein fraction plasmanate nitroprusside cevimeline evoxac papainurea topical ranolazine ranexa midodrine fludrocortisone and bisoprolol emcor to manage your condition,0.2837661802768707,False
doctor i have been experiencing abnormal vaginal discharge its not itchy or painful just a bit concerning,based on your symptoms i would prescribe you a combination of medications your medications will include metronidazole fluconazole diflucan and metronidazole topical product,0.28057539463043213,False
doctor i have been experiencing weakness in my elbows and pain in my legs what could be causing this,based on your symptoms it is possible that you may have turner syndrome have you noticed any other changes in your body or menstrual cycle,0.26420092582702637,False
doctor ive been experiencing a cough lately,well based on your medical history and symptoms it seems like you may have a salivary gland disorder,0.2941393554210663,False
doctor i have been experiencing some peripheral edema skin swelling ear pain coughing and my throat feels tight,based on your symptoms it seems that you may be suffering from a salivary gland disorder,0.2673686742782593,False
hey doc i have been having some trouble smoking lately it feels like my lungs arent working properly,based on what you are telling me its possible that you are experiencing symptoms related to a metabolic disorder,0.2903403639793396,False
hi doctor i have been experiencing leg cramps or spasms and my tongue looks abnormal,those symptoms are not related to a rotator cuff injury have you noticed any pain in your shoulder or upper arm difficulty moving your arm or weakness in your shoulderpatient oh im sorry yes i have been experiencing pain in my shoulder and upper arm its also hard for me to move my arm and my shoulder feels weak,0.1860385537147522,False
doctor i have been experiencing melena and peripheral edema can you tell me what might be the cause,based on your symptoms it is possible that you have cirrhosis,0.2773091495037079,False
doctor i have been experiencing delusions and hostile behavior lately,based on your symptoms it is possible that you are suffering from a subdural hemorrhage,0.16655990481376648,False
doctor ive been experiencing some eye redness wrist weakness and eye strain what could be causing this,based on your symptoms you may be experiencing fetal alcohol syndrome it is a condition that occurs in babies whose mothers consumed alcohol during pregnancy,0.22096115350723267,False
doctor ive been having terrible eye strain lately and feeling very depressed,have you ever consumed alcohol during pregnancy patient yes i did have a few drinks during my pregnancy,0.11845933645963669,False
doctor i have been experiencing coryza and sharp chest pain recently what could be the problem,asthma,0.268856406211853,False
doctor ive been having some weakness in my back its been bothering me a lot lately,have you inserted anything in your vagina recentlypatient yes actually now that you mention it i did forget to remove my diaphragm after intercourse last week,0.233969047665596,False
doctor i have been experiencing back pain for the past week,do you also have any restlessness in your legs when youre lying down or sitting for long periods of time patient now that you mention it yes i have found myself moving my legs around a lot when i am lying down,0.15705057978630066,False
doctor i have been experiencing cramps and spasms as well as lower abdominal pain,based on your symptoms it appears that you may have undergone an induced abortion recently it is important to disclose any recent medical procedures to your healthcare provider in order to receive proper care have you recently undergone an abortion,0.2605539560317993,False
hi doctor ive been having trouble sleeping lately and have been drinking a lot of alcohol to try and help me sleep,based on what youve described it sounds like you may be struggling with a substancerelated mental disorder,0.25570863485336304,False
doctor i have been having nosebleeds muscle swelling loss of sensation and nausea what could be causing this,these symptoms are indicative of a pituitary adenoma its a noncancerous tumor in the pituitary gland that causes hormonal imbalances and can lead to various symptoms including the ones you have mentioned we need to conduct some tests to confirm the diagnosis,0.28191298246383667,False
doctor my eye has been really bothering me its red swollen and itchy,it sounds like you may be experiencing a chalazion,0.2563699781894684,False
doctor i have been experiencing knee swelling lower abdominal pain and skin swelling what could be the cause of this,based on your symptoms you might be suffering from ovarian torsion have you experienced any other symptoms such as nausea and vomiting,0.14931559562683105,False
doctor i have been experiencing sharp abdominal pain recently,based on your symptoms it seems like you may be suffering from a vaginal yeast infection,0.2241055965423584,False
doctor i have been experiencing fluid in my ear along with fever facial pain and redness in my ear what could be the issue,based on your symptoms it seems that you are suffering from a condition called mastoiditis,0.2730638384819031,False
doctor lately i have been experiencing a terrible headache and back pain,well it seems that you might have a lung contusion,0.23117540776729584,False
doctor i have been experiencing foot or toe pain lately,thats unfortunate however your symptoms are not related to the disease you have im sorry to inform you that you have endophthalmitis,0.2807358205318451,False
doctor i have been experiencing ankle pain fatigue joint stiffness and pain in my eyes what could be the cause,based on the symptoms you mentioned it is possible that you are suffering from lead poisoning you should get yourself checked immediately as it could be very harmful,0.24962639808654785,False
doctor i have been experiencing excessive urination at night and shoulder cramps or spasms what could it be,based on your symptoms it is possible that you are experiencing lead poisoning have you been exposed to lead in your workplace or at home,0.20180100202560425,False
doctor ive been experiencing shoulder cramps or spasms pain during pregnancy pain or soreness of breast and also facial and ankle pain what could be the reason behind it,based on your symptoms it seems like you might be suffering from lead poisoning it is a condition caused by exposure to lead which can lead to the symptoms you just mentioned,0.2739705443382263,False
doctor i have been feeling very angry and frustrated lately and to add to that i am also having severe pain in my ankle,based on your symptoms i suspect you might have lead poisoning have you been in contact with lead or leadbased products recently,0.2287493497133255,False
doctor i have been having pain in my eye and i just noticed a lump on my knee do you know what could be causing this,based on your symptoms it is possible that you may be suffering from lead poisoning have you been exposed to lead recently,0.19241251051425934,False
doctor im experiencing cramps and spasms along with a headache fever redness in my ear and a cough what could be wrong,it sounds like you may be suffering from hyperhidrosis a condition that causes excessive sweating beyond what is necessary to regulate body temperature however your symptoms are not typical of hyperhidrosis and i would like to do some further examination to make sure we have a proper diagnosis,0.18245941400527954,False
doctor i have noticed a lump on my hip and am experiencing headaches and some depressive symptoms do you know what could be causing these,yes it sounds like you may be experiencing symptoms of normal pressure hydrocephalus have you noticed any difficulty with walking balance or urinary incontinence,0.29527032375335693,False
doctor i have been experiencing regurgitation joint pain nosebleeds nausea and diarrhea do you have any idea what might be wrong,based on your symptoms its possible that you have nonalcoholic liver disease nash well need to run some tests to confirm the diagnosis,0.27055150270462036,False
doctor i have been experiencing excessive growth and headaches lately do you have any idea what might be causing this,these symptoms might be caused by an abscess of the lung its a localized collection of pus in the lung that can cause fever shortness of breath chest pain and coughing up blood we need to do further tests to confirm the diagnosis,0.24351631104946136,False
doctor i have been experiencing wrist pain and i have noticed a lump on my knee what could be causing this,based on your symptoms it is possible that you have dengue fever have you experienced any other symptoms such as fever or headaches,0.25564420223236084,False
doctor i have been experiencing throat irritation blood in stool low selfesteem and depression i must also admit that i have been abusing alcohol,have you been taking any painkillers or analgesics recentlypatient yes i have been taking them almost every day for my headaches,0.28898218274116516,False
doctor i have been having some health issues lately i have problems during pregnancy low selfesteem throat irritation i abuse alcohol and have been showing hostile behavior what could be causing all of these symptoms,its quite possible that you are suffering from analgesic poisoning overuse of analgesics can cause a variety of symptoms including the ones you have mentioned its important that you seek medical treatment immediately in order to prevent any further damage to your health,0.29707562923431396,False
doctor i have been experiencing an itchy eyelid a vulvar sore fainting shoulder swelling and wrist weakness can you tell me what could be causing these symptoms,based on your symptoms its possible that you have cryptococcosis a fungal infection caused by inhaling the cryptococcus fungus it can affect various parts of the body including the lungs brain and skin leading to symptoms like yours,0.23867212235927582,False
doctor i have been experiencing leg swelling and fluid retention whats wrong with me,those symptoms indicate that you have pulmonary congestion,0.25839871168136597,False
doctor i have redness in my ear cough mouth ulcers abnormal appearing skin and decreased appetite what could be happening to me,it sounds like you might have herpangina,0.2458561658859253,False
doctor ive been experiencing weakness fatigue cough and what i think is an allergic reaction what could be causing this,based on your symptoms its possible that you are suffering from conversion disorder,0.19695036113262177,False
doctor ive been experiencing sinus congestion neck pain and headaches what could be the problem,it seems like you might have suffered an injury to the trunk which is causing all these symptoms we need to exam you more closely and may need to run some tests to come up with a definite diagnosis,0.2763771712779999,False
doctor i have been having some symptoms in my scrotum and testes along with rib pain and lower body pain what could be causing this,it seems like you may have suffered an injury to your trunk which can cause these symptoms we will need to do some further tests to determine the extent of the injury and the best course of treatment,0.2867809534072876,False
doctor i have been feeling really nauseous lately and i have been experiencing some back and neck pain as well,you may have a concussion have you had any recent falls or hits to your head,0.25764161348342896,False
doctor i have been experiencing some strange symptoms lately i have been feeling very underweight and weak in my lower back additionally ive been having cramps and spasms in my elbows,based on your symptoms it is possible that you have oral leukoplakia have you noticed any white or gray patches in your mouth or on your lips that is a common symptom of this disease,0.2100728154182434,False
doctor i have been experiencing elbow cramps or spasms recently can you tell me what is wrong with me,based on your symptoms its possible that you may have carbon monoxide poisoning have you been in an enclosed space with poor ventilation or around gas appliances lately,0.20429380238056183,False
doctor ive been having diarrhea for a few days now and i feel extremely tired all the time whats wrong with me,based on those symptoms its possible that you could be experiencing carbon monoxide poisoning have you been exposed to any potential sources of carbon monoxide such as faulty heating systems or gas stoves,0.2737666964530945,False
doctor i have been feeling very dizzy lately,based on your symptoms you may be experiencing carbon monoxide poisoning have you been exposed to any carbon monoxide recently,0.2700251340866089,False
doctor ive been feeling hot and cold lately what could be the issue,well based on your symptoms its possible that you might be suffering from hirschsprung disease it is a condition in which the nerves in the colon dont develop correctly leading to problems with bowel movements and other related symptoms,0.2732735872268677,False
ive been having low back weakness elbow weakness and wrist weakness and sometimes i experience elbow cramps or spasms,based on your symptoms it seems like you have dislocated your foot you need to undergo examination and diagnostic tests to confirm the diagnosis,0.2537018656730652,False
doctor i have been experiencing pain during my pregnancy excessive urination at night and facial pain can you please tell me what could be causing these symptoms,based on your symptoms you may have contracted the west nile virus which is a mosquitoborne illness that can cause pain fever and other flulike symptoms it can also cause neurological symptoms such as headaches confusion and seizures i suggest getting tested for the virus and seeking medical attention if your symptoms worsen,0.2618677616119385,False
hi doctor i have a lump on my knee and pain in my ankle im also experiencing pain during my pregnancy what could be the problem,based on your symptoms i suspect that you may have west nile virus have you recently been bitten by mosquitoes or lived in an area with a lot of mosquitoes,0.17034777998924255,False
doctor i have been experiencing excessive urination at night what do you think could be the cause,based on your symptoms its possible that you may have contracted the west nile virus i recommend that we conduct some tests to confirm the diagnosis,0.23920464515686035,False
doctor i have been experiencing symptoms of the kidneys fatigue a hoarse voice regurgitation and itchy ears what could be the problem,based on your symptoms i believe you may be experiencing lymphoma it is important to undergo further testing and evaluation to confirm the diagnosis and determine the best course of treatment,0.2734661102294922,False
doctor i have been having some unusual symptoms lately my face has been showing some unusual rash and i feel there is a lack of growth on my skin,do you spend a lot of time outdoor or are exposed to the sun frequentlypatient yes i work in the field and i am mostly under the sun,0.14105252921581268,False
doctor i have been experiencing some wrist weakness and emotional symptoms lately what could be the problem,have you been using insulin medicationpatient yes i have,0.27513375878334045,False
doctor ive been experiencing nailbiting and diarrhea lately what could be causing this,based on your symptoms it is possible that you are experiencing an insulin overdose,0.28158897161483765,False
doctor i have been experiencing shoulder pain headache and weakness lately what could be the problem,based on your symptoms it is possible that you have siadh which stands for syndrome of inappropriate secretion of adh,0.2796749472618103,False
doctor i have been experiencing facial pain along with shoulder cramps or spasms and also ankle pain what could be the reason for these symptoms,based on your symptoms it is likely that you are suffering from leishmaniasis a parasitic disease caused by the bite of infected sandflies,0.2400694340467453,False
doctor i am experiencing side pain arm stiffness or tightness shoulder swelling and also pain or soreness of the breast what could be the problem,based on your symptoms it is possible that you have syringomyelia it is a rare disease that occurs when a fluidfilled cyst forms in the spinal cord leading to various symptoms including the ones you have described it is important to get a proper diagnosis and treatment,0.2891940474510193,False
doctor i have been experiencing some symptoms lately i have gained weight and been having nightmares,it sounds like you might be experiencing symptoms of mitral valve disease have you been experiencing any shortness of breath or fatigue as well,0.22767721116542816,False
doctor i have been experiencing coryza for a few days now what could it be,it seems like you might be suffering from otitis media which is an inflammation of the middle ear,0.28334683179855347,False
hi doctor i have been experiencing a lot of anxiety and nervousness lately especially in the morning,have you been using any drugs or opioids recentlypatient actually yes i have been using opioids for my back pain,0.23095613718032837,False
doctor i have been experiencing chills lately,it might be due to myelodysplastic syndrome,0.2834731936454773,False
doctor ive been having a persistent cough and its becoming difficult for me to speak,its possible that you may have myelodysplastic syndrome,0.24191054701805115,False
doctor i have been experiencing shortness of breath anxiety and nervousness and palpitations do you know what could be causing this,from your symptoms it is possible that you may be experiencing side effects of methamphetamine abuse have you been using this drug recently,0.24798280000686646,False
doctor i have been experiencing sharp chest pain what could be the possible reason,have you been consuming alcohol latelypatient yes i have been drinking frequently,0.1675986349582672,False
doctor i have been having pelvic pressure eye strain knee lump or mass and even occasional bedwetting what could be the reason for this,based on your symptoms it seems like you could have scurvy scurvy is a disease caused by a deficiency in vitamin c and can cause a range of symptoms including those youve described,0.20536619424819946,False
doctor im experiencing very long menstrual periods recently what could be the matter,this could be a result of impulse control disorder which causes abnormalities in mood behavior and social norms ill advise a comprehensive evaluation so we can identify the right course of treatment,0.13933774828910828,False
doctor i have been having a sore throat and loss of appetite lately,you might have an abscess of the nose,0.26656463742256165,False
doctor ive been experiencing nosebleeds skin rash and diminished hearing what could be the problem,it is possible that you have adrenal cancer as those symptoms can be associated with it i would like to conduct further tests to confirm,0.2910385727882385,False
doctor i have been experiencing chest tightness lately,you might be suffering from chronic rheumatic fever have you experienced any joint pain or fever as well,0.27500712871551514,False
doctor ive been experiencing some symptoms like fluid in ear dizziness and shortness of breath lately what could be the reason behind it,based on your symptoms it seems like you are suffering from chronic rheumatic fever it is a rare complication that can arise from untreated strep throat,0.2770370841026306,False
doctor i have been feeling nauseous lately do you know whats wrong with me,have you noticed any lumps or swelling in your testiclespatient yes come to think of it there has been a lump in one of them for a while,0.27510517835617065,False
doctor i have been experiencing difficulty in swallowing nosebleeds vaginal pain and pain in my anus what could be causing these symptoms,based on your symptoms it is likely that you are suffering from anemia due to malignancy which occurs when cancer cells cause bleeding and damage to the bodys red blood cells its important we begin treatment as soon as possible to address the underlying malignancy and manage your anemia,0.23662737011909485,False
doctor i keep having nosebleeds what could be the possible cause of this,based on your medical history and symptoms it is possible that you have anemia due to malignancy have you been feeling weak or fatigued lately,0.25003761053085327,False
doctor i have been feeling ill lately and my ribs hurt i also have a history of drug abuse what could be causing this,it sounds like you may be suffering from glucocorticoid deficiency this condition occurs when the adrenal glands dont produce enough of the hormone cortisol which can cause symptoms like the ones you described lets get some tests to confirm the diagnosis,0.2781665325164795,False
doctor i have been having some redness in my ear facial pain toothache sore throat and ear pain what could be the issue,it sounds like you may be experiencing symptoms of temporomandibular joint disorder also known as tmj,0.2996283173561096,False
doctor ive been having some trouble with my vision lately and im also experiencing apnea and insomnia what could be causing this,based on your symptoms its possible that you have wilsons disease this is a condition where copper builds up in the body and can cause neurological and psychiatric symptoms as well as liver disease have you been experiencing any other symptoms,0.2750735878944397,False
doctor i have been experiencing apnea difficulty eating and swallowing what could be the cause of these symptoms,based on your symptoms it is possible that you have wilson disease it is a rare genetic disorder that causes copper to accumulate in various organs of the body such as the liver brain and eyes which could lead to these symptoms,0.24607884883880615,False
doctor ive been experiencing eye strain and i also noticed a knee lump or mass what could it be,these symptoms may be caused by vitamin a deficiency its important to get your blood tested to diagnose it accurately,0.24751636385917664,False
doctor i have a vulvar sore and my shoulder is swollen what could be the reason,the symptoms you described suggest that you may have a vitamin a deficiency,0.2521650791168213,False
hi doctor i have a swollen eye and a terrible headache,have you recently been scratched or bitten by a catpatient yes actually my cat scratched me a few days ago,0.18988090753555298,False
doctor i have been feeling a loss of sensation lately what do you think could be the reason for this,have you recently been scratched by a cat or been in contact with catspatient actually now that you mention it i did get scratched by my neighbors cat a few days ago do you think that could be related,0.24693861603736877,False
doctor i have been experiencing excessive anger and pain in my eye can you tell me what might be causing it,based on your symptoms it is possible that you may have contracted rabies have you been in contact with any animals recently,0.2659359574317932,False
hi doctor i have been experiencing muscle pain and congestion in my chest what could be the problem,based on your symptoms its possible that you have syphilis have you been experiencing any other symptoms,0.24214798212051392,False
doctor i have been experiencing excessive anger my nails have irregular appearance it hurts when i breathe and my legs are swollen,these symptoms are indicative of diabetic kidney disease it is important to manage your blood sugar levels and monitor kidney function to prevent further damage treatment may include medication and lifestyle changes,0.22780171036720276,False
doctor ive been experiencing an increased heart rate congestion in my chest foot and toe swelling an arm lump and muscle weakness what could be causing all these symptoms,based on your symptoms its possible that you have syphilis we will need to do some further tests to confirm the diagnosis,0.2121971845626831,False
doctor i have been experiencing muscle pains lately what could be the cause,you might have syphilis have you experienced any other symptoms,0.2486998438835144,False
doctor i am experiencing muscle pain and weakness recently do you know what could be the reason for it,based on your symptoms it is possible that you may have syphilis,0.2648605704307556,False
doctor i am having trouble breathing and it hurts whats wrong with me,it might be due to diabetic kidney disease have you been experiencing any other symptoms like swelling in your body or increased fatigue,0.26380303502082825,False
doctor i have been experiencing ear pain for the past few days,this could be due to a nose disorder,0.25832104682922363,False
doctor i am experiencing groin pain and symptoms of bladder issues i am also having regurgitation and low back pain what could be the problem,it seems like you have a fracture of the neck which can cause referred pain and discomfort in the areas you mentioned we will need to do some imaging to confirm the diagnosis and determine the best course of treatment,0.24735000729560852,False
doctor i have been experiencing some strange symptoms lately i have not had my menstruation period i have a cough and ive been having a lot of leg pain do you know what it could be,hemophilia is a genetic bleeding disorder that affects the bodys ability to clot blood it can cause excessive bleeding and bruising joint pain and swelling its possible that your symptoms may be related to this condition i recommend running some tests to confirm the diagnosis,0.2358240783214569,False
doctor i have been experiencing fainting burning chest pain cough dryness in my mouth and diminished vision what could be the problem,based on your symptoms you may be experiencing hyperosmotic hyperketotic state which can occur in people with uncontrolled type diabetes this is a serious condition that requires immediate medical attention,0.2985510230064392,False
doctor i am constantly thirsty no matter how much water i drink,based on your symptoms you may be experiencing a hyperosmotic hyperketotic state,0.2728440761566162,False
doctor ive been experiencing joint stiffness and tightness along with fatigue also ive noticed a strange lump or mass on my knee what could be the problem,based on your symptoms its possible that you have a fat embolism this occurs when small globs of fat circulate in your blood and become lodged in your blood vessels leading to restricted blood flow and reduced oxygen supply to your tissues,0.27736178040504456,False
doctor i have been experiencing shoulder cramps and spasms lately i also feel tired often and have been having pain in my eye what could be wrong with me,it is possible that you are experiencing symptoms of fat embolism have you had any recent injuries or surgeries,0.25719374418258667,False
doctor i have been experiencing weight gain itching of skin regurgitation symptoms of eye and joint pain lately what could be the reason for these symptoms,it seems like you might be suffering from polycythemia vera a rare blood disorder that causes your body to produce excess red blood cells these symptoms are quite common in patients with this disease,0.28813618421554565,False
doctor i have a lump in my throat what could be the reason,based on your symptoms you might have a goiter,0.27351367473602295,False
doctor i have been experiencing double vision fatigue nasal congestion cough and weakness do you have any idea what could be causing these symptoms,yes after considering your symptoms i believe you may have muscular dystrophy unfortunately there is no cure for this disease but we can work together to manage your symptoms and improve your quality of life,0.2475338727235794,False
doctor i am having difficulty in swallowing cough groin pain and coryza what could be the problem,based on your symptoms i believe you may have scarlet fever,0.24596455693244934,False
doctor i have been feeling so angry lately and its been hard to control it,have you been using any drugs or substances recently patient yes i have been using cocaine occasionally,0.28907614946365356,False
doctor i have an open wound on my cheek and fluid seems to be accumulating in the area what do you think it could be,based on your symptoms i believe you have a condition called a mucocele,0.28985926508903503,False
doctor i have been experiencing diminished hearing weakness and disturbance of memory lately what is wrong with me,you might have a meningioma its a type of brain tumor that develops in the protective tissue surrounding the brain and spinal cord i suggest we run some tests to confirm the diagnosis,0.29576411843299866,False
doctor i have been experiencing melena which is black tarry stool what could be the reason for this,based on your symptoms it is possible that you are suffering from primary kidney disease which affects the functionality of your kidneys leading to such symptoms it is important that we perform further tests to ascertain the exact diagnosis,0.26360997557640076,False
doctor ive been having some gum pain lately what could it be,well based on your medical history and current symptoms i would like to investigate further to check if you have uterine cancer,0.21557006239891052,False
doctor ive been experiencing joint stiffness and ankle pain do you know whats wrong with me,based on your symptoms its possible that you have leptospirosis have you been in contact with contaminated water or animals recently,0.23318108916282654,False
doctor i have been experiencing ankle pain excessive anger pain or soreness of breast and a knee lump what could be the problem,based on your symptoms it is possible that you are suffering from leptospirosis a bacterial infection caused by exposure to contaminated water or soil you should undergo some tests to confirm the diagnosis and get treatment as soon as possible,0.23988454043865204,False
doctor ive been experiencing joint stiffness and tightness excessive anger fatigue and wrist pain what could be causing all of these symptoms,based on your symptoms it sounds like you could be experiencing leptospirosis a bacterial infection commonly transmitted through contact with contaminated water or soil i suggest we run some tests to confirm the diagnosis and begin treatment as soon as possible,0.27715811133384705,False
doctor ive been experiencing pain during my pregnancy pain in my eye and facial pain what could be causing these symptoms,based on the symptoms youve described its possible that you have leptospirosis ill need to do some tests to confirm the diagnosis but its important that you seek treatment as soon as possible,0.24436062574386597,False
doctor ive been experiencing vomiting and leg pain whats wrong with me,you may be suffering from vertebrobasilar insufficiency which is caused by a decreased blood flow to your brainstem and cerebellum due to a narrowing or blockage in your vertebral or basilar arteries it can also cause other symptoms like dizziness difficulty speaking and vision problems,0.2641935348510742,False
doctor ive been experiencing difficulty speaking drainage in my throat and my bones have become painful im also experiencing pelvic and joint pain what could this be,based on your symptoms it seems like you may have hemochromatosis a condition where there is an excess buildup of iron in the body treatment options include regular blood removal to reduce iron levels and management of symptoms we will need to do some lab tests to confirm the diagnosis,0.21218723058700562,False
doctor i have been experiencing pelvic pain and my bones are painful as well what could be the cause,based on your symptoms it is possible that you have hemochromatosis which is an inherited condition that causes excess iron buildup in the body,0.2821037471294403,False
doctor i have been experiencing shoulder pain and some emotional symptoms recently what could be the problem,it sounds like you may be experiencing symptoms of cushing syndrome have you noticed any other changes in your body or mood,0.28916922211647034,False
doctor i have been experiencing pain during pregnancy wrist pain and pain or soreness of breast what could be the reason for these symptoms,based on your symptoms it is possible that you have typhoid fever it is important that we conduct further tests to confirm this diagnosis and begin treatment immediately,0.21982602775096893,False
doctor ive been feeling a lot of pelvic pressure lately and noticed excessive growth in some areas whats going on with my body,based on your symptoms its possible that you may have contracted trichinosis a parasitic infection caused by eating undercooked or raw pork or wild game you need to get a proper diagnosis and treatment as soon as possible,0.16957633197307587,False
hi doctor i noticed a lump on my knee and its been bothering me for a while do you know what it could be,based on the symptoms you described its possible that you may have trichinosis have you recently consumed undercooked or raw meat,0.21590900421142578,False
doctor i have been experiencing shoulder swelling neck cramps or spasms sharp abdominal pain bedwetting and also excessive growth whats happening to me,you seem to be displaying the symptoms of trichinosis it is a parasitic disease caused by ingesting undercooked pork that is infected with the larvae of the trichinella worm,0.27495521306991577,False
doctor i have been experiencing pelvic pressure painful urination and sharp abdominal pain can you tell me whats wrong with me,based on your symptoms it seems like you might have trichinosis a parasitic disease caused by eating raw or undercooked meat especially pork you need to get tested and treated as soon as possible,0.20431862771511078,False
doctor ive been experiencing fluid retention pain during pregnancy pain of the anus and leg cramps or spasms what could be the problem,it sounds like you may be experiencing symptoms of subacute thyroiditis this condition is an inflammation of the thyroid gland that causes pain and discomfort in the neck as well as other symptoms such as those youve described,0.2388298660516739,False
doctor i have been experiencing uterine contractions leg cramps or spasms spotting or bleeding during pregnancy and fluid retention can you please tell me what might be causing these symptoms,these can be symptoms of subacute thyroiditis it is caused by the inflammation of the thyroid gland which can lead to hormonal imbalances in the body,0.24135516583919525,False
doctor i am experiencing problems with movement,based on your symptom it looks like you are suffering from intracerebral hemorrhage,0.2993443012237549,False
doctor i have been experiencing joint swelling joint pain and leg swelling,based on your symptoms it is possible that you may have systemic lupus erythematosis sle,0.2861082851886749,False
doctor i have been experiencing a dry and flaky scalp also i have noticed that i havent grown in height in a long time what could be the reason,the symptoms you have described could be due to premature ovarian failure,0.2845524549484253,False
doctor i am having black tarry stools and i am really worried about it,it sounds like you are experiencing a condition called melena this can be caused by several factors one of which is a folate deficiency in your body,0.27058345079421997,False
doctor ive been having difficulty breathing as well as nausea and sharp chest pain i also noticed my feet and legs are quite swollen,it sounds like you might be experiencing fluid overload,0.2948927879333496,False
doctor i have swollen lymph nodes and i am a bit worried about it,do you have any dental painpatient yes i have been experiencing dental pain for a few days now,0.21245677769184113,False
doctor i have been experiencing peripheral edema and coughing what could be the problem,based on your symptoms its possible that you may have an allergy to animals have you been around any pets or animals recently,0.2630072832107544,False
doctor i have been experiencing burning abdominal pain what could be the reason behind it,based on your symptom it seems like you might be having a sickle cell crisis you need to get some tests done to confirm it,0.24562202394008636,False
doctor i have this burning abdominal pain that just wont go away do you have any idea what could be causing it,yes its likely that youre experiencing a sickle cell crisis this is a common symptom among patients with sickle cell disease,0.2280692458152771,False
doctor i have been experiencing low back pain lately what could be the cause,it could be due to hydatidiform mole which is a rare pregnancy complication have you experienced any abnormal vaginal bleeding or passed grapelike cystsnote hydatidiform mole can also cause vaginal bleeding and grapelike cysts to pass through the vagina,0.20710736513137817,False
doctor i have a swelling on my leg and my eye is swollen too,it seems like you have been bitten by an insect,0.23780091106891632,False
doctor i have been feeling ill lately,it could be due to your connective tissue disorder,0.26357710361480713,False
doctor i have this lump on my knee that i just noticed do you have any idea what it could be,well based on your symptom you may have a fungal infection called blastomycosis its an infection caused by inhaling the spores of a fungus found in soil and decaying wood have you noticed any other symptoms,0.1952829360961914,False
what seems to be bothering you,based on the symptoms you have described i think you might be suffering from blastomycosis,0.1968630850315094,False
doctor i have a decreased appetite frontal headache upper abdominal pain and cough what could it be,based on your symptoms its possible that you have a primary immunodeficiency i will need to run some tests to confirm the diagnosis,0.29795658588409424,False
doctor ive been experiencing regurgitation and stomach bloating what could be the cause of this,based on your symptoms it is possible that you have ovarian cancer i would recommend further testing to confirm the diagnosis,0.2613219618797302,False
doctor i am experiencing some strange symptoms lately my eyes have become crosseyed and my eyelids are often itchy i have also noticed weakness in my wrist and my hips are stiff and tight what could be the issue,based on your symptoms you may be suffering from a heart contusion have you experienced any chest pain or shortness of breath as well it would be best to conduct some tests and physical examinations to confirm the diagnosis,0.244881272315979,False
doctor i have been experiencing nailbiting excessive hair growth itchy eyelids apnea and crosseyed what do you think could be causing all of this,it sounds like you may have a heart contusion these symptoms are often associated with trauma to the chest or a forceful blow to the heart i recommend we run some tests to confirm the diagnosis and start treatment as soon as possible,0.24288859963417053,False
doctor ive been having gum pain difficulty eating and my legs seem to be retaining fluid what could be causing all of this,based on your symptoms it is possible that you have a congenital malformation syndrome we will need to do some further testing to confirm the diagnosis,0.27514904737472534,False
hi doctor i have been experiencing knee pain for a few days now could you please tell me what could be the reason for it,well based on the symptom you just mentioned it is quite possible that you are suffering from sporotrichosis which is a fungal infection that usually spreads through cuts or injuries on the skin,0.2644355297088623,False
doctor i found a mass on my vulva what could it be,it could be a symptom of neurofibromatosis we will need to run some tests to confirm the diagnosis,0.23572371900081635,False
doctor i ache all over what could be the problem,based on your symptoms it is possible that you may have pancreatic cancer i recommend running some tests to confirm,0.2665824890136719,False
doctor i have been experiencing bedwetting excessive growth loss of sex drive and a vulvar sore what could be the problem,based on your symptoms it is possible that you have meckel diverticulum its a condition where a small outpouching from the intestine can cause these types of symptoms i suggest we run some tests to confirm the diagnosis,0.27400869131088257,False
doctor i have been feeling very depressed lately and also experiencing changes in my body temperature,well it sounds like you might be experiencing dislocation of the wrist have you been experiencing any pain or discomfort in your wrist,0.1490873396396637,False
doctor i have been experiencing suprapubic pain and lower abdominal pain,it sounds like you have temporary or benign blood in your urine,0.26518353819847107,False
doctor i have been experiencing a lot of regurgitation lately what could be causing this,it could be due to iron deficiency anemia have you been feeling tired or weak lately as well,0.22661519050598145,False
doctor i have been experiencing lower abdominal pain what could be the cause,it could be due to trichomonas infection a sexually transmitted infection caused by a parasite have you had any discharge or itching as well,0.23384101688861847,False
doctor i have been experiencing pelvic pain vaginal discharge vaginal itching lower abdominal pain and burning abdominal pain what could be wrong with me,based on your symptoms it is possible that you have a trichomonas infection we will need to run some tests to confirm the diagnosis,0.276396244764328,False
doctor i have been feeling dizzy and experiencing emotional symptoms lately do you know what could be causing it,based on your symptoms you may have diabetes insipidus this is a rare condition where your body cant properly regulate fluid balance leading to excessive urination and dehydration,0.2762148380279541,False
doctor i have been experiencing upper abdominal pain and i recently noticed a lump on my knee i also feel like i am growing excessively what could be wrong with me,based on your symptoms it sounds like you may be suffering from dumping syndrome,0.2983644902706146,False
doctor i have been experiencing some strange symptoms lately i have a knee lump itchy eyelid excessive growth ear pain and headache what could be causing all of this,based on your symptoms it seems like you may be suffering from dumping syndrome,0.21570941805839539,False
doctor i have skin swelling what could it be,it might be impetigo,0.21942703425884247,False
doctor i have been experiencing lower body pain,have you noticed any discomfort or discharge around the anal areapatient yes now that you mention it i have noticed some discharge from there,0.24847808480262756,False
doctor i have been experiencing leg stiffness wrist weakness leg swelling and a skin rash what could be causing these symptoms,based on your symptoms it sounds like you may be suffering from hypothermia a condition where the bodys temperature drops below normal levels leading to reduced blood flow and oxygen to some parts of the body,0.2946629822254181,False
doctor i have been experiencing some pelvic pressure itching of the anus and vaginal redness can you tell me whats wrong with me,it seems like you might have gestational diabetes which is a type of diabetes that occurs during pregnancy we will need to conduct some tests to confirm the diagnosis,0.2979312837123871,False
doctor i have been experiencing excessive appetite hip stiffness and itching of the anus what could be the cause,based on your symptoms it is possible that you have gestational diabetes we will need to run some tests to confirm this but it is important that we start monitoring your blood sugar levels and manage your diet to avoid any complications during your pregnancy,0.16986526548862457,False
doctor i have been experiencing focal weakness ache all over my body and some skin swelling can you please tell me whats wrong with me,based on your symptoms its likely that you have marfan syndrome has anyone in your family been diagnosed with this condition,0.2888976037502289,False
doctor i have a lump on my knee and i ache all over what could this be,these symptoms often appear in a person affected by malaria have you recently been to any area that has a high incidence of malaria,0.1895458847284317,False
doctor ive been having trouble sleeping and i feel anxious and nervous all the time im also feeling really down and my temper is out of control lately,based on what you are describing it seems like you may be suffering from social phobia,0.2939234673976898,False
doctor i have been experiencing excessive growth loss of sex drive and hip pain what could be the reason behind this,you might be suffering from reactive arthritis it is a type of arthritis that causes inflammation in joints eyes and the urinary tract,0.26190710067749023,False
hi doctor i have been experiencing sinus congestion and fever for the past few days,it sounds like you may have an ear wax impaction which can cause those symptoms,0.2908211946487427,False
doctor i have been experiencing drug abuse depression excessive anger insomnia and abusing alcohol what could be happening,those symptoms are typical of posttraumatic stress disorder ptsd people usually develop ptsd after experiencing a traumatic event such as combat sexual assault or a natural disaster,0.261865496635437,False
hi doctor ive been experiencing peripheral edema feeling ill and back pain lately i also have fluid retention and weakness what could be the problem,after reviewing your symptoms i believe you may have vulvar cancer it is important that we run some tests to confirm a diagnosis and develop a treatment plan can you schedule an appointment as soon as possible,0.29110121726989746,False
doctor i am experiencing an achy feeling all over my body along with abnormal involuntary movements and peripheral edema what could be causing these symptoms,based on your symptoms it is possible that you could be suffering from vulvar cancer we need to perform some tests to confirm the diagnosis,0.25461506843566895,False
doctor i feel back pain abnormal involuntary movements emotional symptoms elbow weakness and an ache all over my body what could be wrong with me,based on your symptoms it is possible that you have vulvar cancer a rare form of cancer that affects the outer part of the female genitalia i would advise you to undergo some tests and screenings to confirm the diagnosis,0.1810276359319687,False
doctor i have been experiencing back pain and some emotional symptoms lately,those can be symptoms of vulvar cancer i would recommend further evaluation to determine if that is the case,0.2982150614261627,False
doctor i have been experiencing a knee lump or mass and a vulvar sore what could be the problem,those symptoms could be due to friedrich ataxia have you been experiencing any coordination or balance problems difficulty with speech or swallowing or abnormal eye movements as well,0.1904822736978531,False
doctor i have been experiencing a knee lump wheezing and flatulence what could be the problem,the symptoms you described could be caused by friedrich ataxia a rare genetic disorder that affects the nervous system and impairs coordination and movement,0.2130354344844818,False
doctor i have been experiencing painful menstruation jaundice heavy menstrual flow and swollen abdomen what could be wrong with me,based on your symptoms it is possible that you are suffering from cervical cancer i suggest we run some tests to confirm the diagnosis,0.29666152596473694,False
doctor i have been experiencing back pain along with pus in my sputum i also have elbow cramps and spasms constipation and low back weakness what could be the problem,you might be suffering from a condition called adrenal adenoma where a noncancerous tumor develops in the adrenal gland causing an overproduction of hormones this can result in a variety of symptoms including the ones you described we should conduct some further tests to confirm the diagnosis,0.28543516993522644,False
doctor ive been having a pretty sore throat lately,that could be a sign of esophagitis,0.29396235942840576,False
doctor my hand and fingers feel really swollen and painful,based on your symptoms it is possible that you are experiencing frostbite have you been exposed to extremely cold temperatures for a prolonged period of time recently,0.2781393826007843,False
doctor im having some unusual chest pain that feels very sharp,well have you been exposed to cold temperatures recentlypatient yeah now that you mention it i have been out in the cold quite a bit lately,0.20805905759334564,False
doctor i have these bumps on my penis and its a little red what could it be,you may be suffering from atrophy of the corpus cavernosum,0.29026681184768677,False
doctor i have been experiencing sharp chest pain for the past few days what could be the reason,well do you smoke or use any tobacco productspatient yes i do smoke about a pack a day,0.06082587689161301,False
doctor i have been coughing up blood lately what could be the reason,do you smoke or consume tobacco productspatient yes i smoke about a pack of cigarettes a day,0.07971467077732086,False
doctor i have a headache,have you recently suffered from sprain or strainpatient yes i sprained my wrist last week,0.19530779123306274,False
hi doctor i have been experiencing arm pain for a while and it has been really bothering me,based on your symptoms it seems like you may be suffering from de quervain disease,0.28108373284339905,False
doctor i have been having nightmares and my mouth has been hurting a lot what could be the issue,based on those symptoms it is possible you have contracted human immunodeficiency virus infection hiv,0.2645239233970642,False
doctor i have been having nightmares and mouth pain recently what could it be,it is likely that you are experiencing two of the symptoms of human immunodeficiency virus infection hiv,0.22048643231391907,False
doctor i have been vomiting a lot lately do you know what might be causing it,you might be experiencing a subarachnoid hemorrhage which can be a severe condition that requires prompt medical attention to avoid complications,0.2962327301502228,False
doctor i have been experiencing constant regurgitation lately what could be the cause for this,this could be a symptom of thalassemia have you been diagnosed with this condition before,0.28884655237197876,False
doctor i have been experiencing excessive growth wrist weakness feeling hot and cold and dizziness what could be the problem,based on your symptoms it could be epidural hemorrhage we need to do some tests to confirm it,0.2686816453933716,False
doctor i have been experiencing hip pain for a few days now can you tell me what might be causing it,based on your symptoms it is likely that you have a vitamin b deficiency,0.2372182458639145,False
doctor i have been experiencing elbow cramps or spasms and low back weakness what could be the reason behind this,you might have histoplasmosis which is caused by inhaling spores of a fungus called histoplasma capsulatum it can affect your lungs and spread to other parts of your body causing symptoms like the ones you described,0.18906313180923462,False
doctor i am feeling an ache all over my body i also have excessive lacrimation low back weakness and decreased appetite what could be causing it,your symptoms point towards a fungal infection called histoplasmosis it is caused by inhaling spores of the fungus called histoplasma capsulatum,0.27452677488327026,False
doctor i have been experiencing fainting difficulty speaking sleepiness and chest tightness what is happening to me,based on your symptoms it appears that you may be experiencing poisoning due to antipsychotic medication,0.28236645460128784,False
doctor i have been feeling anxious and nervous lately and i also have neck pain and sharp abdominal pain what could be wrong with me,based on your symptoms its possible that you may be suffering from behcets disease have you experienced any other symptoms such as eye inflammation or skin lesions,0.2949119508266449,False
doctor im having a hard time speaking clearly and ive noticed pus in my sputum lately what could be causing this,based on your symptoms its possible that youre experiencing the effects of birth trauma,0.18593601882457733,False
doctor i have been having some severe back pain lately,well based on your medical history and symptoms i believe you may be suffering from chronic pancreatitis,0.25639915466308594,False
doctor i have a lump on my knee weakness in my wrist and a sore in my vulvar area what could be wrong with me,these symptoms could be indicating a rare condition called carcinoid syndrome have you noticed any flushing or diarrhea as well,0.2979620695114136,False
doctor im experiencing some skin irritation and wrist pain,it sounds like you may have a burn,0.2601746916770935,False
doctor i have been experiencing elbow and knee pain and its been bothering me for a while,have you been recently burnedpatient yes actually i burned myself while cooking a few days ago could that be related to my pain,0.24813294410705566,False
ive been having a lot of trouble with involuntary urination and frequent trips to the bathroom what could be causing this,these symptoms could be a result of human papillomavirus also known as hpv,0.2550022304058075,False
doctor i have been experiencing rectal bleeding pain of the anus and a mass or swelling around the anus what could be wrong with me,based on your symptoms its possible that you have colorectal cancer i recommend that we schedule some tests to confirm the diagnosis and get you started on treatment as soon as possible,0.29428043961524963,False
doctor i have been experiencing eye redness and blindness in my left eye what could be causing this,based on your symptoms it is possible that you have toxoplasmosis have you recently been around cats or handled cat feces,0.26286935806274414,False
doctor ive been experiencing excessive anger lately,its possible that you may be suffering from obsessivecompulsive disorder ocd,0.2608386278152466,False
doctor i have a skin lesion on my face and i am experiencing a lot of facial pain what could be the problem,based on your symptoms it seems like you have shingles also known as herpes zoster it is a viral infection caused by the same virus that causes chickenpox,0.2849522531032562,False
doctor ive been experiencing some embarrassing symptoms lately i seem to have incontinence of stool and ive been drinking a lot of alcohol lately,well based on your symptoms its possible that you have viral hepatitis i would need to run some tests to confirm but these symptoms are definitely indicative of the disease,0.2877657413482666,False
doctor i have been experiencing bedwetting pelvic pressure loss of sex drive and nailbiting what could be the issue,based on your symptoms it seems like you may be suffering from rheumatic fever,0.25809749960899353,False
doctor i have a lump on my knee and its getting bigger what could be causing this,based on your symptoms its possible that you have rocky mountain spotted fever i would recommend running some tests to confirm the diagnosis,0.27366557717323303,False
doctor i have been experiencing ankle pain and i am also pregnant,it sounds like you might have rocky mountain spotted fever,0.152130126953125,False
doctor i have been having this cough for weeks it just wont go away what could be the problem,based on your symptoms it could be a sign of heart failure have you been experiencing any shortness of breath or swelling in your legs,0.2530198395252228,False
doctor i have been experiencing pain or soreness in my breast,based on your symptoms it is possible that you are suffering from an air embolism,0.28786301612854004,False
doctor i have been experiencing excessive urination at night pain and soreness in my breast joint stiffness pain during pregnancy and shoulder cramps what is wrong with me,it seems like you might be experiencing symptoms of multiple conditions but given your diverse range of symptoms an air embolism is the most likely cause we need to run some tests to confirm this,0.2994861602783203,False
doctor i have swollen lymph nodes heartburn smoking problems leg cramps or spasms and pain or soreness of breast what could be the problem,it seems like you have had mastectomy,0.2711172103881836,False
doctor i am having coryza seizures and weakness in my elbow what could be wrong with me,you have a premature rupture of the amniotic membrane its a condition that occurs when the amniotic sac that surrounds your baby ruptures before you go into labor causing the fluid to leak out,0.21181856095790863,False
doctor i have been experiencing dizziness difficulty speaking weakness in my arms and problems with movement,based on your symptoms it seems that you may be suffering from opioid poisoning is it possible that you have been abusing opioids or mixing them with alcohol,0.18798096477985382,False
doctor ive been having heartburn fluid retention and nausea what could be causing these symptoms,based on your symptoms you may be experiencing complications from a white blood cell disease its important that we run some tests to confirm the diagnosis and start treatment as soon as possible,0.28028595447540283,False
hi doctor ive been experiencing sharp abdominal pain fluid retention mouth pain and vomiting do you have any idea what could be causing these symptoms,yes based on your symptoms it is possible that you have a white blood cell disease we will need some more tests to confirm this diagnosis,0.2720983028411865,False
doctor ive been experiencing chills sharp abdominal pain fluid retention mouth pain and diarrhea whats wrong with me,based on your symptoms its possible that you have a white blood cell disease i recommend we run some tests to confirm the diagnosis and discuss treatment options,0.2900225818157196,False
doctor i have been feeling a weakness in my low back for the past few days do you know what could be causing this,based on your symptoms it is possible that you have kaposi sarcoma which is a type of cancer that affects the skin and other tissues we should conduct further tests to confirm the diagnosis,0.23896107077598572,False
